City_ID,City,Lat,Lng,Max Temp,Humidity,Cloudiness,Wind Speed,Country,Date
0,kapuskasing,49.4169,-82.4331,-20.94999999999999,77,20,2.06,CA,2023-12-04 13:49:10 UTC
1,kirs,59.3388,52.2447,-10.319999999999993,95,100,3.34,RU,2023-12-04 13:49:10 UTC
2,san patricio,28.017,-97.5169,13.920000000000016,53,100,3.14,US,2023-12-04 13:49:10 UTC
3,pskov,57.8136,28.3496,-9.049999999999955,92,100,0.0,RU,2023-12-04 13:49:10 UTC
4,pisco,-13.7,-76.2167,21.120000000000005,83,100,3.09,PE,2023-12-04 13:49:10 UTC
5,san luis,-33.295,-66.3356,19.53000000000003,44,77,2.68,AR,2023-12-04 13:49:00 UTC
6,port-aux-francais,-49.35,70.2167,4.150000000000034,73,11,13.64,TF,2023-12-04 13:49:11 UTC
7,iqaluit,63.7506,-68.5145,-9.149999999999977,86,75,8.23,CA,2023-12-04 13:49:11 UTC
8,monterey,36.2505,-121.2516,9.54000000000002,1,100,1.76,US,2023-12-04 13:45:25 UTC
9,edinburgh of the seven seas,-37.0676,-12.3116,15.980000000000018,90,44,8.66,SH,2023-12-04 13:49:11 UTC
10,uturoa,-16.7333,-151.4333,26.29000000000002,80,100,9.15,PF,2023-12-04 13:49:11 UTC
11,prado,-17.3411,-39.2208,29.910000000000025,56,1,6.26,BR,2023-12-04 13:49:11 UTC
12,port lincoln,-34.7333,135.8667,17.710000000000036,81,78,4.67,AU,2023-12-04 13:49:11 UTC
13,wailua homesteads,22.0669,-159.378,20.970000000000027,91,75,1.54,US,2023-12-04 13:49:11 UTC
14,kyshtovka,56.555,76.6271,-22.029999999999973,89,100,4.02,RU,2023-12-04 13:49:11 UTC
15,ribeira grande,38.5167,-28.7,17.220000000000027,55,75,5.36,PT,2023-12-04 13:49:11 UTC
16,tura,25.5198,90.2201,17.82000000000005,82,69,1.69,IN,2023-12-04 13:49:11 UTC
17,adamstown,-25.066,-130.1015,22.150000000000034,81,14,5.46,PN,2023-12-04 13:49:12 UTC
18,blackmans bay,-43.0167,147.3167,15.410000000000025,79,5,0.45,AU,2023-12-04 13:49:12 UTC
19,bamboo flat,11.7,92.7167,27.05000000000001,89,75,1.03,IN,2023-12-04 13:49:12 UTC
20,iskateley,67.6803,53.1512,-22.50999999999999,94,79,4.14,RU,2023-12-04 13:49:12 UTC
21,whitehorse,60.7161,-135.0538,-9.569999999999993,85,75,6.17,CA,2023-12-04 13:47:28 UTC
22,ushuaia,-54.8,-68.3,12.79000000000002,54,0,2.06,AR,2023-12-04 13:47:43 UTC
23,wynyard,-41.0,145.7167,12.53000000000003,94,42,1.78,AU,2023-12-04 13:46:58 UTC
24,gaalkacyo,6.7697,47.4308,32.09000000000003,16,19,5.39,SO,2023-12-04 13:49:12 UTC
25,la passe,45.5549,-0.8967,13.129999999999995,79,20,12.79,FR,2023-12-04 13:49:13 UTC
26,port mathurin,-19.6833,63.4167,26.129999999999995,80,2,4.91,MU,2023-12-04 13:49:13 UTC
27,grytviken,-54.2811,-36.5092,2.5200000000000387,71,31,5.95,GS,2023-12-04 13:49:13 UTC
28,hermanus,-34.4187,19.2345,19.610000000000014,61,6,5.41,ZA,2023-12-04 13:49:13 UTC
29,carnarvon,-24.8667,113.6333,23.890000000000043,78,3,11.9,AU,2023-12-04 13:49:13 UTC
30,ancud,-41.8697,-73.8203,12.82000000000005,65,3,1.95,CL,2023-12-04 13:49:13 UTC
31,puerto natales,-51.7236,-72.4875,14.25,54,75,6.17,CL,2023-12-04 13:49:13 UTC
32,stanley,54.868,-1.6985,5.430000000000007,93,75,1.03,GB,2023-12-04 13:49:13 UTC
33,tiksi,71.6872,128.8694,-31.71999999999997,98,100,2.9,RU,2023-12-04 13:49:14 UTC
34,bilibino,68.0546,166.4372,-25.129999999999967,100,100,1.0,RU,2023-12-04 13:49:14 UTC
35,bikenibeu village,1.3673,173.1241,26.980000000000018,94,100,2.57,KI,2023-12-04 13:49:14 UTC
36,saint helier,49.188,-2.1049,11.430000000000007,44,75,6.69,JE,2023-12-04 13:49:14 UTC
37,invercargill,-46.4,168.35,3.5400000000000205,93,4,1.95,NZ,2023-12-04 13:49:14 UTC
38,whitby,54.4877,-0.615,6.189999999999998,90,100,1.34,GB,2023-12-04 13:45:03 UTC
39,as suwayq,23.8494,57.4386,25.689999999999998,60,72,2.6,OM,2023-12-04 13:49:15 UTC
40,longyearbyen,78.2186,15.6401,-7.089999999999975,73,75,6.17,SJ,2023-12-04 13:49:16 UTC
41,den burg,53.0542,4.7972,3.980000000000018,69,100,5.66,NL,2023-12-04 13:49:16 UTC
42,bethel,41.3712,-73.414,7.490000000000009,88,12,3.91,US,2023-12-04 13:49:16 UTC
43,port elizabeth,-33.918,25.5701,22.400000000000034,61,20,8.75,ZA,2023-12-04 13:49:16 UTC
44,papatowai,-46.5619,169.4708,5.470000000000027,81,15,1.53,NZ,2023-12-04 13:49:16 UTC
45,jamestown,42.097,-79.2353,3.340000000000032,92,100,6.69,US,2023-12-04 13:47:44 UTC
46,childress,34.4264,-100.204,1.1400000000000432,51,0,2.06,US,2023-12-04 13:49:16 UTC
47,aykhal,66.0,111.5,-34.829999999999984,99,100,2.58,RU,2023-12-04 13:49:16 UTC
48,udachny,66.4167,112.4,-36.41999999999999,73,99,1.4,RU,2023-12-04 13:49:17 UTC
49,tromso,69.6496,18.957,-1.9899999999999523,86,100,3.6,NO,2023-12-04 13:49:17 UTC
50,cockburn town,21.4612,-71.1419,25.980000000000018,80,71,2.05,TC,2023-12-04 13:49:17 UTC
51,waitangi,-43.9535,-176.5597,10.460000000000036,74,55,0.89,NZ,2023-12-04 13:49:17 UTC
52,waingapu,-9.6567,120.2641,27.560000000000002,84,90,2.75,ID,2023-12-04 13:49:17 UTC
53,ocean city,39.2776,-74.5746,9.990000000000009,75,50,2.24,US,2023-12-04 13:49:17 UTC
54,kargil,34.5667,76.1,-3.0499999999999545,37,0,2.05,IN,2023-12-04 13:49:17 UTC
55,tual,-5.6667,132.75,28.79000000000002,77,71,4.4,ID,2023-12-04 13:49:17 UTC
56,el fasher,13.6279,25.3494,31.32000000000005,9,14,1.9,SD,2023-12-04 13:49:18 UTC
57,itoman,26.1247,127.6694,21.010000000000048,94,75,8.75,JP,2023-12-04 13:49:18 UTC
58,kirando,-7.4167,30.6,23.900000000000034,77,100,3.1,TZ,2023-12-04 13:49:18 UTC
59,ilulissat,69.2167,-51.1,-6.989999999999952,68,75,0.0,GL,2023-12-04 13:49:18 UTC
60,west island,-12.1568,96.8225,26.99000000000001,78,97,3.6,CC,2023-12-04 13:49:18 UTC
61,bredasdorp,-34.5322,20.0403,22.460000000000036,43,32,7.48,ZA,2023-12-04 13:49:18 UTC
62,yeniseysk,58.4497,92.1703,-20.589999999999975,88,100,5.85,RU,2023-12-04 13:49:19 UTC
63,egilsstadir,65.2653,-14.3948,-12.049999999999955,85,40,2.57,IS,2023-12-04 13:49:19 UTC
64,puerto ayora,-0.7393,-90.3518,24.189999999999998,88,98,0.45,EC,2023-12-04 13:49:19 UTC
65,as sulayyil,20.4607,45.5779,26.140000000000043,26,0,4.82,SA,2023-12-04 13:49:19 UTC
66,xining,36.6167,101.7667,0.5200000000000387,34,0,0.78,CN,2023-12-04 13:49:19 UTC
67,saint-felicien,48.6501,-72.4491,-7.6200000000000045,93,100,3.6,CA,2023-12-04 13:49:19 UTC
68,kapa'a,22.0752,-159.319,21.720000000000027,91,75,1.54,US,2023-12-04 13:49:19 UTC
69,kayangel,8.0823,134.7173,28.660000000000025,77,75,7.54,PW,2023-12-04 13:49:19 UTC
70,san martin,-33.081,-68.4681,20.30000000000001,23,0,3.65,AR,2023-12-04 13:49:19 UTC
71,rio grande,-32.035,-52.0986,22.060000000000002,62,97,8.39,BR,2023-12-04 13:47:06 UTC
72,san juan,-31.5375,-68.5364,20.510000000000048,21,0,2.48,AR,2023-12-04 13:49:20 UTC
73,east london,-33.0153,27.9116,17.52000000000004,100,100,6.17,ZA,2023-12-04 13:49:20 UTC
74,klyuchi,52.2667,79.1667,-8.42999999999995,75,100,3.31,RU,2023-12-04 13:49:20 UTC
75,afaahiti,-17.75,-149.2833,24.930000000000007,78,99,8.15,PF,2023-12-04 13:49:20 UTC
76,saipan,15.1355,145.701,27.390000000000043,78,20,7.72,MP,2023-12-04 13:49:20 UTC
77,foz do iguacu,-25.5478,-54.5881,26.640000000000043,83,75,1.54,BR,2023-12-04 13:49:20 UTC
78,cosne-cours-sur-loire,47.3333,3.1667,10.340000000000032,84,100,9.53,FR,2023-12-04 13:49:20 UTC
79,puerto armuelles,8.2833,-82.8667,28.980000000000018,68,94,1.34,PA,2023-12-04 13:49:20 UTC
80,ambodifotatra,-16.9833,49.85,25.700000000000045,70,49,5.91,MG,2023-12-04 13:49:20 UTC
81,mount gambier,-37.8333,140.7667,12.29000000000002,98,100,1.3,AU,2023-12-04 13:49:21 UTC
82,calvinia,-31.4707,19.776,24.78000000000003,15,0,8.75,ZA,2023-12-04 13:49:21 UTC
83,punta arenas,-53.15,-70.9167,12.010000000000048,71,0,8.75,CL,2023-12-04 13:45:03 UTC
84,andergrove,-21.0833,149.1833,26.470000000000027,86,18,2.25,AU,2023-12-04 13:49:21 UTC
85,hawaiian paradise park,19.5933,-154.9731,21.730000000000018,97,100,2.57,US,2023-12-04 13:49:21 UTC
86,kolokani,13.5728,-8.0339,35.870000000000005,11,26,4.66,ML,2023-12-04 13:49:22 UTC
87,colonia,50.9333,6.95,2.640000000000043,82,75,6.17,DE,2023-12-04 13:45:21 UTC
88,kochenevo,55.0218,82.202,-19.23999999999998,93,21,3.57,RU,2023-12-04 13:49:22 UTC
89,lihue,21.9789,-159.3672,21.310000000000002,89,75,1.54,US,2023-12-04 13:49:22 UTC
90,quibdo,5.6947,-76.6611,26.189999999999998,100,75,0.0,CO,2023-12-04 13:49:22 UTC
91,anyama,5.4946,-4.0518,30.450000000000045,42,7,2.74,CI,2023-12-04 13:49:22 UTC
92,yichun,47.7,128.9,-15.560000000000002,99,68,1.1,CN,2023-12-04 13:49:22 UTC
93,praia da vitoria,38.7333,-27.0667,18.200000000000045,59,40,3.79,PT,2023-12-04 13:49:22 UTC
94,sihanoukville,10.6093,103.5296,27.970000000000027,89,40,1.03,KH,2023-12-04 13:45:28 UTC
95,hithadhoo,-0.6,73.0833,28.07000000000005,77,89,3.06,MV,2023-12-04 13:49:23 UTC
96,college,64.8569,-147.8028,-18.079999999999984,78,40,0.0,US,2023-12-04 13:49:23 UTC
97,vallenar,-28.5708,-70.7581,22.82000000000005,44,0,2.71,CL,2023-12-04 13:49:23 UTC
98,paradip garh,20.3167,86.6167,25.090000000000032,62,100,3.62,IN,2023-12-04 13:49:23 UTC
99,young,-32.6833,-57.6333,20.74000000000001,40,0,7.04,UY,2023-12-04 13:49:23 UTC
100,salinopolis,-0.6136,-47.3561,29.150000000000034,73,92,3.69,BR,2023-12-04 13:49:23 UTC
101,fortuna,40.5982,-124.1573,15.370000000000005,84,100,5.66,US,2023-12-04 13:49:23 UTC
102,iquique,-20.2208,-70.1431,21.02000000000004,64,1,2.5,CL,2023-12-04 13:48:47 UTC
103,karratha,-20.7377,116.8463,26.170000000000016,74,0,6.02,AU,2023-12-04 13:49:24 UTC
104,nagqu,31.5,92.0,-5.029999999999973,44,100,2.31,CN,2023-12-04 13:49:24 UTC
105,yellowknife,62.456,-114.3525,-14.70999999999998,92,100,4.63,CA,2023-12-04 13:49:24 UTC
106,qaqortoq,60.7167,-46.0333,-3.609999999999957,70,100,4.66,GL,2023-12-04 13:49:24 UTC
107,happy valley-goose bay,53.3168,-60.3315,-13.829999999999984,78,100,4.63,CA,2023-12-04 13:49:24 UTC
108,kolonia town,6.964,158.206,28.0,78,100,3.09,FM,2023-12-04 13:49:24 UTC
109,porto torres,40.835,8.3972,14.100000000000023,67,100,7.07,IT,2023-12-04 13:49:24 UTC
110,hoemul-li,41.4339,129.67,2.660000000000025,56,2,1.41,KP,2023-12-04 13:49:24 UTC
111,vilyuysk,63.7553,121.6247,-41.50999999999999,99,94,1.83,RU,2023-12-04 13:49:25 UTC
112,hailar,49.2,119.7,-11.560000000000002,86,98,5.82,CN,2023-12-04 13:49:25 UTC
113,olonkinbyen,70.9221,-8.7187,-0.8599999999999568,76,100,4.16,SJ,2023-12-04 13:49:25 UTC
114,montrose,38.4166,-108.2673,-4.149999999999977,85,71,1.06,US,2023-12-04 13:49:25 UTC
115,sao vicente,-23.9631,-46.3919,34.59000000000003,70,40,2.24,BR,2023-12-04 13:49:25 UTC
116,giado,31.9582,12.0203,14.170000000000016,44,29,4.28,LY,2023-12-04 13:49:25 UTC
117,fang,19.9169,99.2145,21.05000000000001,92,100,0.45,TH,2023-12-04 13:49:26 UTC
118,arraial do cabo,-22.9661,-42.0278,27.980000000000018,78,40,5.14,BR,2023-12-04 13:49:26 UTC
119,lerwick,60.1545,-1.1494,5.0,73,82,3.15,GB,2023-12-04 13:49:26 UTC
120,los frentones,-26.4077,-61.4137,16.29000000000002,95,100,3.96,AR,2023-12-04 13:49:26 UTC
121,enewetak,11.3474,162.3373,27.730000000000018,70,100,8.88,MH,2023-12-04 13:49:26 UTC
122,callao,-12.0667,-77.15,22.07000000000005,82,100,3.6,PE,2023-12-04 13:48:24 UTC
123,selebi-phikwe,-21.979,27.8498,36.03000000000003,9,24,5.5,BW,2023-12-04 13:49:26 UTC
124,lebu,-37.6167,-73.65,14.390000000000043,62,0,8.33,CL,2023-12-04 13:49:27 UTC
125,la sarre,48.8002,-79.1996,-12.609999999999957,92,57,2.91,CA,2023-12-04 13:49:16 UTC
126,selfoss,63.9331,-20.9971,-1.4399999999999977,64,100,3.71,IS,2023-12-04 13:49:27 UTC
127,richards bay,-28.783,32.0377,29.420000000000016,58,97,7.07,ZA,2023-12-04 13:49:27 UTC
128,wenchang,30.904,118.4887,8.990000000000009,51,4,2.07,CN,2023-12-04 13:49:27 UTC
129,dunedin,-45.8742,170.5036,8.78000000000003,75,98,0.96,NZ,2023-12-04 13:46:58 UTC
130,nukus,42.4531,59.6103,10.990000000000009,76,0,2.06,UZ,2023-12-04 13:49:27 UTC
131,howard springs,-12.497,131.047,27.950000000000045,93,100,1.77,AU,2023-12-04 13:49:27 UTC
132,atafu village,-8.5421,-172.5159,28.920000000000016,77,59,7.18,TK,2023-12-04 13:49:27 UTC
133,victorica,-36.2151,-65.4359,20.83000000000004,26,9,8.69,AR,2023-12-04 13:49:27 UTC
134,margaret river,-33.95,115.0667,15.5,72,100,3.62,AU,2023-12-04 13:49:27 UTC
135,remire-montjoly,4.9167,-52.2667,30.02000000000004,70,75,7.2,GF,2023-12-04 13:49:28 UTC
136,kingston,17.997,-76.7936,30.689999999999998,67,20,2.06,JM,2023-12-04 13:49:09 UTC
137,vilhena,-12.7406,-60.1458,22.120000000000005,94,100,5.14,BR,2023-12-04 13:49:28 UTC
138,ust-nera,64.5667,143.2,-42.48999999999998,98,98,1.97,RU,2023-12-04 13:49:28 UTC
139,polatli,39.5772,32.1413,12.510000000000048,63,100,1.69,TR,2023-12-04 13:49:28 UTC
140,matinha,-3.1006,-45.0336,33.53000000000003,44,97,2.88,BR,2023-12-04 13:49:28 UTC
141,vadso,70.0744,29.7487,-3.909999999999968,93,75,3.09,NO,2023-12-04 13:49:28 UTC
142,torbat-e jam,35.244,60.6225,13.400000000000034,27,0,1.26,IR,2023-12-04 13:49:28 UTC
143,khandyga,62.6667,135.6,-49.22999999999999,100,89,0.34,RU,2023-12-04 13:49:28 UTC
144,lompoc,34.6391,-120.4579,14.410000000000025,87,0,2.24,US,2023-12-04 13:49:29 UTC
145,new castle,41.0037,-80.347,4.670000000000016,84,100,2.57,US,2023-12-04 13:49:29 UTC
146,opuwo,-18.0607,13.84,28.129999999999995,45,100,3.96,NA,2023-12-04 13:49:29 UTC
147,laojunmiao,39.8333,97.7333,-0.6899999999999977,31,0,1.83,CN,2023-12-04 13:49:29 UTC
148,trincomalee,8.5711,81.2335,27.360000000000014,78,100,5.74,LK,2023-12-04 13:49:29 UTC
149,crucecita,-28.95,-58.9833,17.650000000000034,87,100,5.08,AR,2023-12-04 13:49:29 UTC
150,waddan,29.1614,16.139,19.810000000000002,43,2,6.55,LY,2023-12-04 13:46:18 UTC
151,odessa,46.4775,30.7326,2.670000000000016,55,54,3.67,UA,2023-12-04 13:49:29 UTC
152,zhigalovo,54.8097,105.1578,-4.159999999999968,85,100,5.28,RU,2023-12-04 13:49:29 UTC
153,gaigeturi,33.4644,126.3183,8.03000000000003,76,0,2.06,KR,2023-12-04 13:49:30 UTC
154,mazatlan,23.2167,-106.4167,18.840000000000032,68,0,1.34,MX,2023-12-04 13:49:30 UTC
155,merizo village,13.2658,144.6691,28.310000000000002,94,69,8.41,GU,2023-12-04 13:49:30 UTC
156,tsiombe,-25.3,45.4833,25.939999999999998,60,0,8.01,MG,2023-12-04 13:49:30 UTC
157,palikir - national government center,6.9248,158.1611,27.410000000000025,78,100,3.09,FM,2023-12-04 13:49:30 UTC
158,lhasa,29.65,91.1,2.430000000000007,25,51,1.7,CN,2023-12-04 13:49:30 UTC
159,isangel,-19.55,169.2667,25.090000000000032,88,74,2.96,VU,2023-12-04 13:49:30 UTC
160,caribou,46.8606,-68.012,-5.2999999999999545,89,100,5.66,US,2023-12-04 13:48:51 UTC
161,vila do maio,15.1333,-23.2167,28.439999999999998,74,15,7.5,CV,2023-12-04 13:49:30 UTC
162,sarykemer,43.0,71.5,5.710000000000036,66,91,1.76,KZ,2023-12-04 13:49:31 UTC
163,nizhneangarsk,55.7833,109.55,-5.0,89,100,3.58,RU,2023-12-04 13:49:31 UTC
164,albany,42.6001,-73.9662,6.610000000000014,93,93,3.33,US,2023-12-04 13:47:02 UTC
165,virac,13.6333,124.2167,23.120000000000005,88,65,3.7,PH,2023-12-04 13:49:31 UTC
166,utrik,11.2278,169.8474,27.74000000000001,69,100,8.85,MH,2023-12-04 13:49:31 UTC
167,akjoujt,19.6969,-14.4164,33.04000000000002,16,57,2.73,MR,2023-12-04 13:49:31 UTC
168,avarua,-21.2078,-159.775,24.03000000000003,83,20,1.54,CK,2023-12-04 13:49:31 UTC
169,camana,-16.6228,-72.7111,21.760000000000048,70,100,3.98,PE,2023-12-04 13:49:31 UTC
170,ayr,55.4627,-4.6339,4.170000000000016,87,40,5.66,GB,2023-12-04 13:49:31 UTC
171,laguna,38.421,-121.4238,10.600000000000023,92,75,1.54,US,2023-12-04 13:49:32 UTC
172,portland,45.5234,-122.6762,14.629999999999995,94,100,4.92,US,2023-12-04 13:49:32 UTC
173,yuzhno-kurilsk,44.0306,145.8556,4.100000000000023,68,32,5.27,RU,2023-12-04 13:49:32 UTC
174,nova sintra,14.8667,-24.7167,22.450000000000045,79,26,10.2,CV,2023-12-04 13:49:32 UTC
175,talnakh,69.4865,88.3972,-31.299999999999983,83,86,0.09,RU,2023-12-04 13:49:32 UTC
176,puerto deseado,-47.7503,-65.8938,14.350000000000023,52,12,3.3,AR,2023-12-04 13:49:32 UTC
177,nemuro,43.3236,145.575,4.420000000000016,75,8,5.84,JP,2023-12-04 13:49:32 UTC
178,port shepstone,-30.7414,30.455,22.55000000000001,84,100,3.36,ZA,2023-12-04 13:49:33 UTC
179,ad darb,17.7229,42.2526,28.77000000000004,53,29,4.83,SA,2023-12-04 13:49:33 UTC
180,howrah,22.5892,88.3103,25.0,73,75,1.54,IN,2023-12-04 13:49:33 UTC
181,georgetown,5.4112,100.3354,29.410000000000025,86,40,2.06,MY,2023-12-04 13:49:33 UTC
182,pul-e 'alam,33.9953,69.0227,7.550000000000011,36,0,0.87,AF,2023-12-04 13:49:33 UTC
183,kayyerkan,69.3786,87.7439,-32.51999999999998,86,57,0.73,RU,2023-12-04 13:49:33 UTC
184,thompson,55.7435,-97.8558,-6.909999999999968,93,100,1.03,CA,2023-12-04 13:49:33 UTC
185,richmond,37.5538,-77.4603,7.910000000000025,87,75,1.54,US,2023-12-04 13:46:20 UTC
186,vila velha,-20.3297,-40.2925,31.970000000000027,66,40,6.69,BR,2023-12-04 13:49:33 UTC
187,ixtapa,20.7,-105.2,22.350000000000023,100,100,0.0,MX,2023-12-04 13:49:34 UTC
188,chaiyaphum,15.75,102.0,30.450000000000045,63,92,3.04,TH,2023-12-04 13:49:34 UTC
189,port moresby,-9.4431,147.1797,25.680000000000007,94,40,1.54,PG,2023-12-04 13:49:34 UTC
190,barra de santo antonio,-9.4047,-35.5072,30.600000000000023,67,63,5.72,BR,2023-12-04 13:49:34 UTC
191,robat karim,35.4846,51.0829,18.510000000000048,17,0,1.54,IR,2023-12-04 13:49:34 UTC
192,nago,26.5881,127.9761,20.25,95,100,3.96,JP,2023-12-04 13:49:34 UTC
193,palmer,42.1584,-72.3287,5.180000000000007,86,75,0.0,US,2023-12-04 13:49:34 UTC
194,mayya,61.7333,130.2811,-47.04999999999998,100,72,0.97,RU,2023-12-04 13:49:34 UTC
195,chongwe,-15.3292,28.682,34.5,16,12,3.84,ZM,2023-12-04 13:49:35 UTC
196,isafjordur,66.0755,-23.124,-1.9799999999999613,80,20,1.03,IS,2023-12-04 13:49:35 UTC
197,crane,31.3974,-102.3501,6.650000000000034,37,0,3.76,US,2023-12-04 13:49:35 UTC
198,urucara,-2.5364,-57.76,29.390000000000043,61,100,2.41,BR,2023-12-04 13:49:35 UTC
199,polyarnyy,69.1989,33.4478,-6.639999999999986,94,100,3.33,RU,2023-12-04 13:49:36 UTC
200,turpan,42.9333,89.1667,4.670000000000016,37,100,2.51,CN,2023-12-04 13:49:36 UTC
201,kampong thom,12.7111,104.8887,26.460000000000036,68,100,1.43,KH,2023-12-04 13:49:36 UTC
202,oltinko'l,40.8011,72.1634,13.07000000000005,25,86,0.15,UZ,2023-12-04 13:49:36 UTC
203,mandalgovi,45.7625,106.2708,-3.7399999999999523,60,7,6.61,MN,2023-12-04 13:49:36 UTC
204,west livingston,30.6983,-95.0019,12.520000000000039,65,0,1.79,US,2023-12-04 13:49:36 UTC
205,jining,35.405,116.5814,7.600000000000023,36,35,1.35,CN,2023-12-04 13:49:36 UTC
206,neiafu,-18.65,-173.9833,26.379999999999995,83,40,3.6,TO,2023-12-04 13:49:36 UTC
207,kodiak,57.79,-152.4072,4.730000000000018,87,100,8.75,US,2023-12-04 13:49:36 UTC
208,gizo,-8.103,156.8419,26.439999999999998,86,100,10.59,SB,2023-12-04 13:49:37 UTC
209,boguchany,58.3814,97.4531,-12.859999999999957,94,100,4.92,RU,2023-12-04 13:49:37 UTC
210,newquay,50.4132,-5.0819,9.730000000000018,93,75,15.43,GB,2023-12-04 13:49:37 UTC
211,road town,18.4167,-64.6167,28.05000000000001,74,20,5.66,VG,2023-12-04 13:49:37 UTC
212,siwa oasis,29.2041,25.5195,22.54000000000002,32,78,1.06,EG,2023-12-04 13:49:37 UTC
213,sarupathar,26.1984,93.8094,18.5,88,94,0.64,IN,2023-12-04 13:49:37 UTC
214,tralee,52.2704,-9.7026,7.140000000000043,70,20,3.09,IE,2023-12-04 13:49:37 UTC
215,badger,64.8,-147.5333,-18.129999999999967,81,40,0.0,US,2023-12-04 13:49:37 UTC
216,valparaiso,-33.0393,-71.6273,20.0,58,0,2.57,CL,2023-12-04 13:49:37 UTC
217,swakopmund,-22.6833,14.5333,19.430000000000007,74,39,4.47,NA,2023-12-04 13:49:37 UTC
218,el nido,11.1858,119.3956,28.410000000000025,75,26,4.1,PH,2023-12-04 13:49:37 UTC
219,tamanrasset,22.785,5.5228,24.950000000000045,9,0,3.09,DZ,2023-12-04 13:49:38 UTC
220,flying fish cove,-10.4217,105.6791,25.82000000000005,83,75,2.57,CX,2023-12-04 13:49:38 UTC
221,monteagudo,-19.8167,-63.9833,17.420000000000016,96,100,1.27,BO,2023-12-04 13:49:38 UTC
222,twon-brass,4.3151,6.2418,28.29000000000002,76,34,3.09,NG,2023-12-04 13:47:40 UTC
223,ad-damazin,11.7891,34.3592,35.29000000000002,23,37,1.54,SD,2023-12-04 13:49:38 UTC
224,augustow,53.8432,22.9798,-3.089999999999975,92,98,4.53,PL,2023-12-04 13:49:38 UTC
225,gargalianoi,37.0667,21.6333,18.340000000000032,73,77,3.75,GR,2023-12-04 13:49:38 UTC
226,ciudad lazaro cardenas,17.9583,-102.2,24.49000000000001,83,100,1.97,MX,2023-12-04 13:49:38 UTC
227,papao,-17.75,-149.55,25.82000000000005,78,97,9.3,PF,2023-12-04 13:49:38 UTC
228,sarangani,5.4033,125.4636,28.57000000000005,79,79,8.06,PH,2023-12-04 13:49:38 UTC
229,carolina beach,34.0352,-77.8936,14.480000000000018,83,98,2.46,US,2023-12-04 13:49:38 UTC
230,la ronge,55.1001,-105.2842,-14.859999999999957,85,0,1.54,CA,2023-12-04 13:46:20 UTC
231,anadyr,64.75,177.4833,-18.71999999999997,84,20,6.0,RU,2023-12-04 13:49:38 UTC
232,hadibu,12.65,54.0333,25.879999999999995,66,20,8.2,YE,2023-12-04 13:49:39 UTC
233,kayar,14.9192,-17.1211,35.53000000000003,42,17,6.41,SN,2023-12-04 13:49:39 UTC
234,bayanhongor,46.7167,100.1167,-9.71999999999997,71,71,6.12,MN,2023-12-04 13:49:39 UTC
235,tofol,5.3248,163.0078,26.04000000000002,89,100,7.54,FM,2023-12-04 13:49:39 UTC
236,fortaleza,-3.7227,-38.5247,30.600000000000023,67,75,5.14,BR,2023-12-04 13:45:31 UTC
237,namibe,-15.1961,12.1522,25.960000000000036,75,93,4.65,AO,2023-12-04 13:49:39 UTC
238,rawa mazowiecka,51.7644,20.2549,-1.1499999999999773,91,12,1.99,PL,2023-12-04 13:49:39 UTC
239,goondiwindi,-28.55,150.3167,22.640000000000043,71,0,7.53,AU,2023-12-04 13:49:39 UTC
240,atar,20.5169,-13.0499,32.10000000000002,17,4,0.74,MR,2023-12-04 13:49:39 UTC
241,mejit,10.2753,170.8646,27.189999999999998,78,100,8.63,MH,2023-12-04 13:49:39 UTC
242,chamical,-30.36,-66.314,13.060000000000002,74,100,3.03,AR,2023-12-04 13:49:39 UTC
243,strathmore,51.0501,-113.3852,4.670000000000016,51,85,4.63,CA,2023-12-04 13:49:39 UTC
244,sitka,57.0531,-135.33,6.939999999999998,76,100,5.14,US,2023-12-04 13:49:39 UTC
245,siofok,46.9041,18.058,1.2100000000000364,58,100,5.53,HU,2023-12-04 13:49:40 UTC
246,kasese,0.1833,30.0833,24.700000000000045,76,90,0.08,UG,2023-12-04 13:49:40 UTC
247,praia,14.9215,-23.5087,28.30000000000001,61,20,8.23,CV,2023-12-04 13:49:40 UTC
248,codrington,-38.2667,141.9667,13.170000000000016,93,100,0.64,AU,2023-12-04 13:49:40 UTC
249,at taj,24.2049,23.2857,27.379999999999995,10,0,4.55,LY,2023-12-04 13:49:40 UTC
250,la entrada,15.05,-88.7333,22.860000000000014,97,98,0.95,HN,2023-12-04 13:49:40 UTC
251,rongelap,11.1635,166.8941,27.560000000000002,76,72,9.41,MH,2023-12-04 13:49:40 UTC
252,hasaki,35.7333,140.8333,3.2200000000000273,44,1,1.43,JP,2023-12-04 13:49:40 UTC
253,guerrero negro,27.9769,-114.0611,16.140000000000043,60,1,1.7,MX,2023-12-04 13:49:40 UTC
254,kerch,45.3583,36.4758,4.2000000000000455,88,100,8.05,UA,2023-12-04 13:49:40 UTC
255,vilyuchinsk,52.9306,158.4028,-6.7099999999999795,87,68,2.1,RU,2023-12-04 13:49:40 UTC
256,hotan,37.0997,79.9269,7.270000000000039,26,7,1.22,CN,2023-12-04 13:49:40 UTC
257,queenstown,-31.8976,26.8753,23.700000000000045,50,62,6.16,ZA,2023-12-04 13:49:40 UTC
258,mhamid,29.82,-5.72,21.80000000000001,27,68,2.88,MA,2023-12-04 13:49:40 UTC
259,kokopo,-4.352,152.2633,23.900000000000034,93,100,2.53,PG,2023-12-04 13:49:40 UTC
260,st. john's,47.5649,-52.7093,0.9900000000000091,88,100,4.63,CA,2023-12-04 13:47:23 UTC
261,alice springs,-23.7,133.8833,23.75,43,0,2.57,AU,2023-12-04 13:49:41 UTC
262,maceio,-9.6658,-35.7353,30.689999999999998,74,75,4.12,BR,2023-12-04 13:49:41 UTC
263,bodaybo,57.8506,114.1933,-9.870000000000005,97,100,1.21,RU,2023-12-04 13:49:41 UTC
264,aur,8.1499,171.1687,27.77000000000004,82,100,9.29,MH,2023-12-04 13:49:41 UTC
265,qamdo,31.1667,97.2333,-3.7999999999999545,46,87,0.81,CN,2023-12-04 13:49:41 UTC
266,verdal,63.7933,11.4817,-11.979999999999961,83,13,1.63,NO,2023-12-04 13:49:41 UTC
267,celestun,20.8667,-90.4,24.100000000000023,91,34,3.06,MX,2023-12-04 13:49:41 UTC
268,suicheng,33.8963,117.9331,8.550000000000011,46,2,3.33,CN,2023-12-04 13:49:41 UTC
269,zhezqazghan,47.7833,67.7667,-1.67999999999995,86,75,3.0,KZ,2023-12-04 13:49:41 UTC
270,chilecito,-29.1619,-67.4974,17.310000000000002,47,3,3.16,AR,2023-12-04 13:49:41 UTC
271,prince albert,53.2001,-105.7677,-15.029999999999973,85,20,1.54,CA,2023-12-04 13:49:41 UTC
272,kone,-21.0595,164.8658,24.150000000000034,81,71,1.45,NC,2023-12-04 13:49:41 UTC
273,fale old settlement,-9.3852,-171.2468,28.850000000000023,76,57,6.97,TK,2023-12-04 13:49:42 UTC
274,puerto lempira,15.2667,-83.7667,28.08000000000004,74,40,3.09,HN,2023-12-04 13:49:42 UTC
275,namie,37.4833,141.0,4.430000000000007,74,2,2.29,JP,2023-12-04 13:49:42 UTC
276,broome,42.2506,-75.833,6.050000000000011,85,100,3.6,US,2023-12-04 13:49:42 UTC
277,argo,37.6333,22.7333,17.660000000000025,71,100,2.3,GR,2023-12-04 13:49:42 UTC
278,hirara,24.8,125.2833,20.920000000000016,100,100,2.57,JP,2023-12-04 13:49:42 UTC
279,codajas,-3.8367,-62.0569,25.810000000000002,83,100,1.69,BR,2023-12-04 13:49:42 UTC
280,tolanaro,-25.0319,46.9987,27.04000000000002,61,40,9.26,MG,2023-12-04 13:49:42 UTC
281,ariquemes,-9.9133,-63.0408,31.410000000000025,54,67,1.85,BR,2023-12-04 13:49:42 UTC
282,asau,46.4333,26.4,-0.39999999999997726,48,3,1.41,RO,2023-12-04 13:49:42 UTC
283,taroa,8.7058,171.2275,27.629999999999995,81,100,9.48,MH,2023-12-04 13:49:42 UTC
284,kerikeri,-35.2268,173.9474,18.28000000000003,92,100,1.84,NZ,2023-12-04 13:49:42 UTC
285,khilok,51.3674,110.4676,-6.25,82,100,2.31,RU,2023-12-04 13:49:42 UTC
286,quillacollo,-17.4,-66.2833,20.04000000000002,64,75,2.06,BO,2023-12-04 13:49:42 UTC
287,bol'sherech'ye,56.0925,74.6272,-20.23999999999998,91,100,1.6,RU,2023-12-04 13:49:42 UTC
288,broken hill,-31.95,141.4333,29.210000000000036,19,0,4.63,AU,2023-12-04 13:49:43 UTC
289,montemor-o-novo,38.6481,-8.2145,16.439999999999998,66,100,3.3,PT,2023-12-04 13:49:43 UTC
290,burutu,5.3509,5.5076,31.840000000000032,58,33,4.58,NG,2023-12-04 13:49:43 UTC
291,ust'-kut,56.7938,105.7672,-4.199999999999989,85,100,5.81,RU,2023-12-04 13:49:43 UTC
292,pangody,65.85,74.4859,-33.87999999999997,100,6,2.56,RU,2023-12-04 13:49:43 UTC
293,tokmok,42.8417,75.3016,9.07000000000005,49,62,2.13,KG,2023-12-04 13:49:43 UTC
294,constantia,44.1833,28.65,3.3799999999999955,55,76,2.81,RO,2023-12-04 13:45:59 UTC
295,chonchi,-42.6128,-73.8092,11.560000000000002,61,45,2.55,CL,2023-12-04 13:49:43 UTC
296,prince george,53.9166,-122.753,0.7000000000000455,85,100,5.14,CA,2023-12-04 13:49:43 UTC
297,keflavik,64.0049,-22.5624,3.240000000000009,81,75,8.75,IS,2023-12-04 13:49:43 UTC
298,baruun-urt,46.6806,113.2792,-7.139999999999986,76,22,8.32,MN,2023-12-04 13:49:43 UTC
299,aioun,16.6614,-9.6149,33.860000000000014,9,5,5.57,MR,2023-12-04 13:49:43 UTC
300,colby,39.3958,-101.0524,-0.6599999999999682,52,0,6.26,US,2023-12-04 13:49:43 UTC
301,namdrik,5.5994,168.1028,27.870000000000005,83,100,8.26,MH,2023-12-04 13:49:44 UTC
302,novofedorivka,46.1713,32.3178,3.1000000000000227,56,100,4.47,UA,2023-12-04 13:49:44 UTC
303,naze,28.3667,129.4833,17.510000000000048,92,100,7.31,JP,2023-12-04 13:49:44 UTC
304,bubaque,11.2833,-15.8333,27.900000000000034,64,8,1.45,GW,2023-12-04 13:49:44 UTC
305,mpika,-11.8343,31.4529,28.860000000000014,31,43,3.52,ZM,2023-12-04 13:49:44 UTC
306,chiredzi,-21.05,31.6667,36.44,16,3,4.81,ZW,2023-12-04 13:49:44 UTC
307,new norfolk,-42.7826,147.0587,16.07000000000005,87,66,1.36,AU,2023-12-04 13:49:44 UTC
308,port hedland,-20.3167,118.5667,26.03000000000003,89,3,4.63,AU,2023-12-04 13:49:44 UTC
309,quepos,9.4236,-84.1652,27.49000000000001,58,72,0.51,CR,2023-12-04 13:49:44 UTC
310,vila franca do campo,37.7167,-25.4333,18.27000000000004,99,100,2.23,PT,2023-12-04 13:49:44 UTC
311,isla vista,34.4133,-119.861,17.970000000000027,67,0,2.06,US,2023-12-04 13:49:44 UTC
312,nar'yan-mar,67.6713,53.087,-22.24999999999997,95,84,4.19,RU,2023-12-04 13:49:44 UTC
313,port isabel,26.0734,-97.2086,17.230000000000018,89,0,1.54,US,2023-12-04 13:49:45 UTC
314,berezovyy,51.6667,135.7,-13.92999999999995,96,19,1.03,RU,2023-12-04 13:49:45 UTC
315,villa angela,-27.5738,-60.7153,17.629999999999995,91,100,4.41,AR,2023-12-04 13:49:45 UTC
316,gadzhiyevo,69.2551,33.3362,-7.060000000000002,95,100,3.27,RU,2023-12-04 13:49:45 UTC
317,kenora,49.8167,-94.4337,-1.4599999999999795,86,100,2.57,CA,2023-12-04 13:49:45 UTC
318,chadron,42.8294,-102.9999,2.140000000000043,71,0,3.6,US,2023-12-04 13:46:42 UTC
319,parabel',58.6978,81.4825,-23.93999999999997,89,6,4.92,RU,2023-12-04 13:49:45 UTC
320,kangding,30.0513,101.9603,5.110000000000014,89,98,1.6,CN,2023-12-04 13:49:45 UTC
321,nowshahr,36.649,51.496,17.970000000000027,77,0,0.0,IR,2023-12-04 13:49:45 UTC
322,sinop,41.7711,34.8709,8.700000000000045,96,96,2.03,TR,2023-12-04 13:49:45 UTC
323,xiahu,26.6106,119.9483,15.390000000000043,89,94,1.58,CN,2023-12-04 13:49:45 UTC
324,markala,13.7021,-6.0659,35.80000000000001,11,24,5.07,ML,2023-12-04 13:49:45 UTC
325,dudinka,69.4058,86.1778,-34.619999999999976,96,39,2.68,RU,2023-12-04 13:49:45 UTC
326,port douglas,-16.4833,145.4667,26.02000000000004,83,87,2.2,AU,2023-12-04 13:49:45 UTC
327,la peca,-5.6111,-78.435,25.80000000000001,64,93,1.04,PE,2023-12-04 13:49:46 UTC
328,amga,60.8953,131.9608,-48.39999999999998,100,65,0.75,RU,2023-12-04 13:49:46 UTC
329,ulladulla,-35.35,150.4667,16.54000000000002,92,10,2.65,AU,2023-12-04 13:49:46 UTC
330,tionk essil,12.7856,-16.5217,34.03000000000003,14,4,5.42,SN,2023-12-04 13:49:46 UTC
331,mana,5.6592,-53.7767,29.650000000000034,66,26,4.47,GF,2023-12-04 13:49:46 UTC
332,antonio enes,-16.2325,39.9086,28.410000000000025,64,42,4.95,MZ,2023-12-04 13:49:46 UTC
333,hue,16.4667,107.6,24.060000000000002,100,75,3.09,VN,2023-12-04 13:49:46 UTC
334,mutsu,41.2894,141.2169,6.0,86,64,3.6,JP,2023-12-04 13:49:46 UTC
335,genhe,50.7833,121.5167,-15.569999999999993,99,100,1.48,CN,2023-12-04 13:49:46 UTC
336,petropavlovsk-kamchatsky,53.0452,158.6483,-7.529999999999973,76,75,3.58,RU,2023-12-04 13:49:46 UTC
337,sona,45.4388,10.8255,4.970000000000027,72,40,2.06,IT,2023-12-04 13:49:46 UTC
338,saldanha,-33.0117,17.9442,24.03000000000003,62,1,8.19,ZA,2023-12-04 13:49:46 UTC
339,maragogi,-9.0122,-35.2225,29.620000000000005,63,50,5.72,BR,2023-12-04 13:48:17 UTC
340,chos malal,-37.3781,-70.2709,17.420000000000016,20,0,2.55,AR,2023-12-04 13:49:46 UTC
341,port alfred,-33.5906,26.891,21.210000000000036,78,49,1.79,ZA,2023-12-04 13:49:46 UTC
342,aasiaat,68.7098,-52.8699,-10.120000000000005,84,100,1.61,GL,2023-12-04 13:49:47 UTC
343,nadym,65.5333,72.5167,-31.319999999999965,100,100,2.87,RU,2023-12-04 13:49:47 UTC
344,minas de marcona,-15.2119,-75.1103,18.03000000000003,63,84,4.32,PE,2023-12-04 13:49:47 UTC
345,kaele,10.1092,14.4508,35.870000000000005,10,100,3.91,CM,2023-12-04 13:49:47 UTC
346,merouana,35.6311,5.9119,12.830000000000041,49,100,6.35,DZ,2023-12-04 13:49:47 UTC
347,chandler,33.3062,-111.8412,12.480000000000018,66,0,4.12,US,2023-12-04 13:47:21 UTC
348,myeik,12.4333,98.6,26.110000000000014,84,72,1.86,MM,2023-12-04 13:49:47 UTC
349,kulhudhuffushi,6.6221,73.07,28.870000000000005,75,11,4.75,MV,2023-12-04 13:49:47 UTC
350,qarqaraly,49.4058,75.4742,-9.379999999999995,93,97,2.22,KZ,2023-12-04 13:49:47 UTC
351,pizarro,4.9533,-77.366,27.129999999999995,84,100,2.2,CO,2023-12-04 13:49:47 UTC
352,tokoname,34.8833,136.85,10.490000000000009,66,20,2.06,JP,2023-12-04 13:49:47 UTC
353,la gi,10.6667,107.7833,25.58000000000004,84,100,4.87,VN,2023-12-04 13:49:47 UTC
354,as samawah,31.332,45.2944,22.08000000000004,27,0,3.28,IQ,2023-12-04 13:49:47 UTC
355,yangjiang,21.85,111.9667,20.700000000000045,75,96,1.17,CN,2023-12-04 13:49:47 UTC
356,neryungri,56.6709,124.6491,-19.96999999999997,97,100,2.3,RU,2023-12-04 13:46:56 UTC
357,lorengau,-2.0226,147.2712,26.879999999999995,80,48,1.12,PG,2023-12-04 13:49:47 UTC
358,cuyo,10.8525,121.0086,28.24000000000001,84,18,9.25,PH,2023-12-04 13:49:47 UTC
359,borogontsy,62.6683,131.1683,-48.98999999999998,100,75,1.5,RU,2023-12-04 13:49:48 UTC
360,braniewo,54.3797,19.8196,-0.6299999999999955,87,83,5.41,PL,2023-12-04 13:49:48 UTC
361,labasa,-16.4167,179.3833,25.189999999999998,91,69,2.76,FJ,2023-12-04 13:49:48 UTC
362,kapit,2.0167,112.9333,23.939999999999998,99,100,0.96,MY,2023-12-04 13:49:48 UTC
363,yazd,31.8972,54.3675,18.060000000000002,16,0,1.03,IR,2023-12-04 13:49:48 UTC
364,san antonio de pale,-1.4014,5.6325,27.220000000000027,77,98,3.29,GQ,2023-12-04 13:49:48 UTC
365,tete,-16.1564,33.5867,38.05000000000001,19,0,5.36,MZ,2023-12-04 13:49:48 UTC
366,primero de mayo,-32.2552,-58.4228,20.860000000000014,45,1,7.21,AR,2023-12-04 13:49:48 UTC
367,sindgi,16.9167,76.2333,24.430000000000007,60,100,5.94,IN,2023-12-04 13:49:48 UTC
368,smithers,54.7804,-127.1743,2.180000000000007,80,100,3.6,CA,2023-12-04 13:49:48 UTC
369,altai,46.3722,96.2583,-8.579999999999984,68,78,2.21,MN,2023-12-04 13:49:48 UTC
370,la'ie,21.6477,-157.9253,23.950000000000045,82,0,2.24,US,2023-12-04 13:49:48 UTC
371,sisimiut,66.9395,-53.6735,-5.609999999999957,75,100,2.88,GL,2023-12-04 13:49:48 UTC
372,ouani,-12.1322,44.4258,28.510000000000048,71,26,0.75,KM,2023-12-04 13:49:48 UTC
373,yabelo,4.8833,38.0833,23.010000000000048,34,28,5.73,ET,2023-12-04 13:49:49 UTC
374,turiacu,-1.6633,-45.3717,29.840000000000032,68,54,2.34,BR,2023-12-04 13:49:49 UTC
375,kabansk,52.0486,106.6528,-3.0,96,100,4.16,RU,2023-12-04 13:49:49 UTC
376,chom bueng,13.62,99.5917,24.370000000000005,90,79,1.38,TH,2023-12-04 13:49:49 UTC
377,cold lake,54.4502,-110.2017,-7.029999999999973,93,100,0.0,CA,2023-12-04 13:48:28 UTC
378,tazovsky,67.4667,78.7,-33.94999999999999,99,7,2.86,RU,2023-12-04 13:49:49 UTC
379,anshun,26.25,105.9333,9.29000000000002,85,100,1.75,CN,2023-12-04 13:49:49 UTC
380,maasim,5.8575,125.0061,27.980000000000018,71,72,3.14,PH,2023-12-04 13:49:49 UTC
381,loreto,22.2667,-101.9667,12.660000000000025,72,100,1.18,MX,2023-12-04 13:49:49 UTC
382,guozhen,34.3659,107.359,10.28000000000003,36,1,1.66,CN,2023-12-04 13:49:49 UTC
383,chibougamau,49.9168,-74.3659,-13.20999999999998,78,100,5.66,CA,2023-12-04 13:47:22 UTC
384,malango,-2.9627,119.9001,20.100000000000023,97,70,0.97,ID,2023-12-04 13:49:49 UTC
385,coronel suarez,-37.4547,-61.9334,20.140000000000043,28,0,4.65,AR,2023-12-04 13:49:49 UTC
386,bima,-8.4667,118.7167,26.850000000000023,89,100,1.95,ID,2023-12-04 13:49:49 UTC
387,petrovsk-zabaykal'skiy,51.273,108.843,-8.199999999999989,92,100,3.97,RU,2023-12-04 13:49:49 UTC
388,prince rupert,54.3161,-130.3201,8.830000000000041,71,100,12.35,CA,2023-12-04 13:49:49 UTC
389,vinaros,40.4703,0.4756,19.03000000000003,47,12,1.43,ES,2023-12-04 13:49:50 UTC
390,laascaanood,8.4774,47.3597,28.52000000000004,17,7,4.36,SO,2023-12-04 13:49:50 UTC
391,mammoth lakes,37.6485,-118.9721,-2.0299999999999727,61,0,0.89,US,2023-12-04 13:49:50 UTC
392,zwolen,51.3554,21.5877,-1.589999999999975,86,25,2.03,PL,2023-12-04 13:49:50 UTC
393,klaksvik,62.2266,-6.589,3.5100000000000477,72,100,6.77,FO,2023-12-04 13:49:50 UTC
394,byron bay,-28.65,153.6167,21.49000000000001,83,92,4.08,AU,2023-12-04 13:49:50 UTC
395,lautoka,-17.6167,177.4667,25.920000000000016,78,20,3.09,FJ,2023-12-04 13:49:50 UTC
396,copala,16.65,-98.9833,25.180000000000007,78,99,1.01,MX,2023-12-04 13:49:51 UTC
397,rio preto da eva,-2.6994,-59.6997,25.010000000000048,90,100,1.02,BR,2023-12-04 13:49:51 UTC
398,yanykurgan,43.915,67.2481,10.439999999999998,61,100,2.04,KZ,2023-12-04 13:49:51 UTC
399,barabai,-2.5833,115.3833,24.28000000000003,94,95,0.2,ID,2023-12-04 13:49:51 UTC
400,tari,12.4086,4.4914,36.160000000000025,10,100,3.19,NG,2023-12-04 13:49:51 UTC
401,vorgashor,67.5833,63.95,-27.409999999999968,92,5,2.68,RU,2023-12-04 13:49:51 UTC
402,luwingu,-10.2621,29.9271,23.32000000000005,70,100,1.93,ZM,2023-12-04 13:49:52 UTC
403,istgah-e rah ahan-e garmsar,35.2346,52.3094,15.07000000000005,27,0,2.2,IR,2023-12-04 13:49:52 UTC
404,pangoa,-12.1167,-73.0,24.430000000000007,88,100,0.61,PE,2023-12-04 13:49:52 UTC
405,las veredas,23.1388,-109.7075,21.04000000000002,41,0,6.17,MX,2023-12-04 13:49:52 UTC
406,kattivakkam,13.2167,80.3167,24.05000000000001,93,100,16.8,IN,2023-12-04 13:49:52 UTC
407,beledweyne,4.7358,45.2036,32.80000000000001,28,79,5.14,SO,2023-12-04 13:49:52 UTC
408,estherville,43.4016,-94.8328,-1.919999999999959,98,100,4.12,US,2023-12-04 13:49:52 UTC
409,santa cruz del sur,20.7147,-77.9956,26.470000000000027,73,58,5.52,CU,2023-12-04 13:49:52 UTC
410,mikhaylovskoye,51.8239,79.7172,-7.560000000000002,73,100,4.18,RU,2023-12-04 13:49:52 UTC
411,totness,5.8833,-56.3167,29.210000000000036,69,2,5.47,SR,2023-12-04 13:49:52 UTC
412,holualoa,19.6228,-155.9522,22.700000000000045,82,0,1.54,US,2023-12-04 13:49:52 UTC
413,carbonear,47.7332,-53.2148,1.900000000000034,84,100,4.77,CA,2023-12-04 13:49:52 UTC
414,moranbah,-22.0016,148.0466,26.53000000000003,63,3,3.71,AU,2023-12-04 13:49:52 UTC
415,mugeni,46.25,25.2167,-1.1999999999999886,61,5,0.93,RO,2023-12-04 13:49:52 UTC
416,tahoua,14.8888,5.2692,35.99000000000001,7,0,4.12,NE,2023-12-04 13:49:52 UTC
417,mochudi,-24.4167,26.15,38.33000000000004,9,26,3.03,BW,2023-12-04 13:49:53 UTC
418,champerico,14.3,-91.9167,25.30000000000001,76,0,1.81,GT,2023-12-04 13:49:53 UTC
419,sao tome,0.3365,6.7273,26.77000000000004,78,100,2.75,ST,2023-12-04 13:49:53 UTC
420,bantogon,6.5333,124.0333,26.910000000000025,81,25,0.44,PH,2023-12-04 13:49:53 UTC
421,labytnangi,66.6572,66.4183,-33.99999999999997,100,53,1.58,RU,2023-12-04 13:49:53 UTC
422,hafar al-batin,28.4328,45.9708,25.32000000000005,20,0,3.09,SA,2023-12-04 13:49:53 UTC
423,salekhard,66.53,66.6019,-36.039999999999964,100,53,1.66,RU,2023-12-04 13:49:53 UTC
424,nova vicosa,-17.8919,-39.3719,31.090000000000032,53,5,5.83,BR,2023-12-04 13:49:53 UTC
425,yilan,24.757,121.753,19.980000000000018,97,100,2.01,TW,2023-12-04 13:49:53 UTC
426,hamilton,39.1834,-84.5333,2.8600000000000136,92,0,2.06,US,2023-12-04 13:48:52 UTC
427,saint-francois,46.4154,3.9054,11.470000000000027,63,75,9.26,FR,2023-12-04 13:49:53 UTC
428,pundong,-7.9522,110.3486,25.470000000000027,90,100,1.1,ID,2023-12-04 13:49:53 UTC
429,kasongo-lunda,-6.4667,16.8167,31.180000000000007,51,99,1.46,CD,2023-12-04 13:49:53 UTC
430,togur,58.3631,82.8265,-22.139999999999986,91,7,6.26,RU,2023-12-04 13:49:53 UTC
431,cannonvale,-20.2833,148.7,26.660000000000025,85,22,3.02,AU,2023-12-04 13:49:54 UTC
432,minneola,28.5744,-81.7462,23.390000000000043,98,100,1.34,US,2023-12-04 13:49:54 UTC
433,bouznika,33.7894,-7.1597,20.860000000000014,49,40,3.09,MA,2023-12-04 13:49:54 UTC
434,lai chau,22.3997,103.4517,18.200000000000045,92,100,0.83,VN,2023-12-04 13:49:54 UTC
435,mugia,43.1041,-9.2179,13.980000000000018,61,21,7.45,ES,2023-12-04 13:49:54 UTC
436,buriti alegre,-18.14,-49.0403,27.910000000000025,57,67,2.38,BR,2023-12-04 13:49:54 UTC
437,bandarbeyla,9.4942,50.8122,26.140000000000043,65,59,11.44,SO,2023-12-04 13:49:54 UTC
438,aleksandrov gay,50.147,48.5704,2.5300000000000296,73,98,5.61,RU,2023-12-04 13:49:54 UTC
439,newcastle,-32.9272,151.7765,19.840000000000032,86,54,0.0,AU,2023-12-04 13:49:54 UTC
440,chulakkurgan,43.765,69.1814,7.640000000000043,77,100,1.36,KZ,2023-12-04 13:49:54 UTC
441,cusseta,32.3054,-84.7727,7.810000000000002,83,77,3.34,US,2023-12-04 13:49:54 UTC
442,debre werk',10.6667,38.1667,20.53000000000003,39,65,0.85,ET,2023-12-04 13:49:54 UTC
443,cidreira,-30.1811,-50.2056,19.379999999999995,90,100,7.44,BR,2023-12-04 13:49:54 UTC
444,beyneu,45.3167,55.2,11.740000000000009,57,100,4.78,KZ,2023-12-04 13:49:54 UTC
445,puerto ayacucho,5.6639,-67.6236,30.170000000000016,58,8,2.45,VE,2023-12-04 13:49:54 UTC
446,madaoua,14.073,5.96,34.0,10,95,3.4,NE,2023-12-04 13:49:55 UTC
447,tan an,10.5333,106.4167,28.010000000000048,92,100,2.27,VN,2023-12-04 13:49:55 UTC
448,biysk,52.5364,85.2072,-7.159999999999968,84,99,6.68,RU,2023-12-04 13:49:55 UTC
449,alesund,62.4723,6.1549,0.7400000000000091,77,75,4.63,NO,2023-12-04 13:49:55 UTC
450,catio,11.2833,-15.25,33.76000000000005,39,11,2.04,GW,2023-12-04 13:49:55 UTC
451,kalmunai,7.4167,81.8167,26.370000000000005,87,99,4.49,LK,2023-12-04 13:49:55 UTC
452,ternate,0.8,127.4,27.870000000000005,78,93,0.62,ID,2023-12-04 13:46:25 UTC
453,cambria,35.5641,-121.0808,14.720000000000027,87,100,1.34,US,2023-12-04 13:49:55 UTC
454,burang,30.25,81.1667,-11.310000000000002,97,53,1.25,CN,2023-12-04 13:49:55 UTC
455,bakchar,57.0186,82.0711,-23.059999999999974,94,8,2.8,RU,2023-12-04 13:49:55 UTC
456,mingshui,36.7167,117.5,6.550000000000011,40,10,1.61,CN,2023-12-04 13:49:55 UTC
457,coahuayana de hidalgo,18.7,-103.6583,23.870000000000005,83,100,0.72,MX,2023-12-04 13:49:55 UTC
458,aras-asan,8.8908,126.3033,25.600000000000023,88,98,0.71,PH,2023-12-04 13:49:55 UTC
459,fort st. john,56.2499,-120.8529,0.9399999999999977,75,20,8.23,CA,2023-12-04 13:49:55 UTC
460,ta`u,-14.2336,-169.5144,27.390000000000043,75,20,9.63,AS,2023-12-04 13:49:55 UTC
461,bridlington,54.0831,-0.1919,7.230000000000018,89,100,4.92,GB,2023-12-04 13:49:56 UTC
462,fort bragg,35.139,-79.006,12.120000000000005,94,0,0.0,US,2023-12-04 13:49:56 UTC
463,mogocha,53.7333,119.7667,-12.239999999999952,96,100,1.49,RU,2023-12-04 13:49:56 UTC
464,areka,7.0667,37.7,25.05000000000001,39,88,2.16,ET,2023-12-04 13:49:56 UTC
465,zibo,36.7906,118.0633,7.390000000000043,37,47,0.67,CN,2023-12-04 13:49:56 UTC
466,roxas,11.5853,122.7511,26.75,88,95,2.6,PH,2023-12-04 13:49:56 UTC
467,tarawa,1.419,172.984,27.05000000000001,94,100,2.57,KI,2023-12-04 13:49:56 UTC
468,rajin,42.2489,130.3003,2.840000000000032,60,98,2.4,KP,2023-12-04 13:49:56 UTC
469,dryden,49.7833,-92.7503,-0.839999999999975,86,100,3.6,CA,2023-12-04 13:49:56 UTC
470,nenjiang,49.1833,125.2167,-15.419999999999959,96,25,2.43,CN,2023-12-04 13:49:56 UTC
471,ak'ordat,15.5486,37.8867,34.56,22,0,4.03,ER,2023-12-04 13:49:56 UTC
472,biograd na moru,43.9433,15.4519,10.420000000000016,42,100,0.72,HR,2023-12-04 13:49:56 UTC
473,nuuk,64.1835,-51.7216,-0.6599999999999682,86,75,2.06,GL,2023-12-04 13:49:56 UTC
474,sturgeon bay,44.8342,-87.377,-1.7799999999999727,93,0,3.6,US,2023-12-04 13:45:32 UTC
475,salalah,17.0151,54.0924,32.05000000000001,23,0,8.23,OM,2023-12-04 13:49:56 UTC
476,nurota,40.5614,65.6886,12.850000000000023,40,93,2.29,UZ,2023-12-04 13:49:57 UTC
477,forster,-32.1667,152.5167,15.720000000000027,100,31,2.36,AU,2023-12-04 13:49:57 UTC
478,safford,32.834,-109.7076,10.620000000000005,74,0,2.57,US,2023-12-04 13:48:58 UTC
479,poletayevo,55.0336,61.1138,-8.099999999999966,96,100,6.28,RU,2023-12-04 13:49:57 UTC
480,zuwarah,32.9312,12.082,17.860000000000014,50,2,4.4,LY,2023-12-04 13:49:57 UTC
481,santa terezinha,-29.9002,-50.0904,19.810000000000002,92,100,6.46,BR,2023-12-04 13:49:57 UTC
482,dauphin,51.1494,-100.0502,-8.919999999999959,86,100,1.03,CA,2023-12-04 13:49:57 UTC
483,rosario oeste,-14.8361,-56.4275,28.83000000000004,62,100,3.74,BR,2023-12-04 13:49:57 UTC
484,rio gallegos,-51.6226,-69.2181,15.03000000000003,47,0,14.4,AR,2023-12-04 13:49:57 UTC
485,ribeira brava,32.65,-17.0667,22.78000000000003,91,99,3.55,PT,2023-12-04 13:49:57 UTC
486,agios nikolaos,35.1914,25.7133,21.54000000000002,61,21,1.02,GR,2023-12-04 13:49:57 UTC
487,aguas vermelhas,-15.7472,-41.46,30.390000000000043,33,99,2.17,BR,2023-12-04 13:49:57 UTC
488,cacoal,-11.4386,-61.4472,31.80000000000001,52,56,2.65,BR,2023-12-04 13:49:44 UTC
489,alabat,14.1028,122.0153,27.02000000000004,84,98,4.59,PH,2023-12-04 13:49:57 UTC
490,hola,51.5377,23.1902,-3.8999999999999773,88,99,3.93,PL,2023-12-04 13:49:57 UTC
491,mont-laurier,46.5501,-75.4993,-3.2099999999999795,95,100,3.1,CA,2023-12-04 13:49:57 UTC
492,ribadesella,43.4614,-5.0596,12.75,76,100,8.4,ES,2023-12-04 13:49:58 UTC
493,berdigestyakh,62.0989,126.6992,-45.369999999999976,99,61,1.78,RU,2023-12-04 13:49:58 UTC
494,bardai,11.65,7.2333,33.02000000000004,11,100,4.03,NG,2023-12-04 13:49:58 UTC
495,syas'stroy,60.1367,32.5691,-9.299999999999955,95,100,0.28,RU,2023-12-04 13:49:58 UTC
496,yelovo,57.0538,54.9207,-0.3299999999999841,96,100,4.98,RU,2023-12-04 13:49:58 UTC
497,mesquite,32.7668,-96.5992,8.300000000000011,61,0,2.06,US,2023-12-04 13:49:58 UTC
498,labrador city,52.9463,-66.9114,-15.049999999999955,85,100,2.57,CA,2023-12-04 13:48:56 UTC
499,brookings,44.3114,-96.7984,-4.339999999999975,93,0,2.57,US,2023-12-04 13:49:09 UTC
500,margate,51.3813,1.3862,6.28000000000003,90,100,2.24,GB,2023-12-04 13:45:46 UTC
501,dubbo,-32.25,148.6167,18.07000000000005,55,11,4.12,AU,2023-12-04 13:49:58 UTC
502,navalcarnero,40.2891,-4.012,12.310000000000002,82,24,5.5,ES,2023-12-04 13:49:58 UTC
503,hurricane,37.1753,-113.2899,6.439999999999998,64,99,1.99,US,2023-12-04 13:49:58 UTC
504,island harbour,50.724,-1.2758,10.520000000000039,94,100,1.34,GB,2023-12-04 13:49:58 UTC
505,sparti,37.0733,22.4297,18.670000000000016,72,93,0.46,GR,2023-12-04 13:49:58 UTC
506,saint-philippe,-21.3585,55.7679,25.77000000000004,73,52,3.11,RE,2023-12-04 13:49:58 UTC
507,jinghong,21.991,100.7341,19.480000000000018,96,99,0.94,CN,2023-12-04 13:49:58 UTC
508,"laikit, laikit ii (dimembe)",1.4792,124.9735,22.470000000000027,100,40,0.51,ID,2023-12-04 13:49:58 UTC
509,oum hadjer,13.2954,19.6966,35.129999999999995,11,73,1.33,TD,2023-12-04 13:49:59 UTC
510,vuktyl,63.8567,57.3094,-13.269999999999982,95,100,2.68,RU,2023-12-04 13:49:59 UTC
511,mitu,1.1983,-70.1733,26.439999999999998,91,74,1.09,CO,2023-12-04 13:49:59 UTC
512,qa'en,33.7265,59.1844,10.930000000000007,20,0,0.51,IR,2023-12-04 13:49:59 UTC
513,tannum sands,-23.9504,151.3693,25.970000000000027,89,0,4.12,AU,2023-12-04 13:49:59 UTC
514,mumford,5.2618,-0.759,28.55000000000001,74,0,4.79,GH,2023-12-04 13:49:59 UTC
515,sakaraha,-22.9,44.5333,32.75,23,28,7.69,MG,2023-12-04 13:49:59 UTC
516,amfissa,38.525,22.3731,15.840000000000032,83,100,2.89,GR,2023-12-04 13:49:59 UTC
517,jackson,42.4165,-122.8345,11.0,96,100,0.0,US,2023-12-04 13:47:05 UTC
518,jianguang,28.1938,115.7836,12.050000000000011,69,1,2.3,CN,2023-12-04 13:49:59 UTC
519,kolonia,50.9333,6.95,2.640000000000043,82,75,6.17,DE,2023-12-04 13:45:21 UTC
520,youhao,47.8667,128.8333,-14.819999999999993,99,67,0.89,CN,2023-12-04 13:49:59 UTC
521,belo sur tsiribihina,-19.7,44.55,30.160000000000025,60,16,4.31,MG,2023-12-04 13:49:59 UTC
522,franeker,53.1855,5.5412,2.2100000000000364,75,100,5.66,NL,2023-12-04 13:49:59 UTC
523,paka,4.6374,103.4368,25.960000000000036,100,28,0.0,MY,2023-12-04 13:49:59 UTC
524,zhosaly,45.4878,64.0781,7.460000000000036,67,88,4.32,KZ,2023-12-04 13:49:59 UTC
525,serhiyivka,46.0272,30.3768,3.080000000000041,58,56,3.86,UA,2023-12-04 13:50:00 UTC
526,piacabucu,-10.4056,-36.4344,30.660000000000025,62,45,5.93,BR,2023-12-04 13:50:00 UTC
527,mawu,29.5923,107.3139,11.360000000000014,84,82,0.82,CN,2023-12-04 13:50:00 UTC
528,boa vista,2.8197,-60.6733,29.99000000000001,58,0,6.69,BR,2023-12-04 13:50:00 UTC
529,luderitz,-26.6481,15.1594,24.129999999999995,46,1,14.31,NA,2023-12-04 13:50:00 UTC
530,cabo san lucas,22.8909,-109.9124,21.400000000000034,75,0,5.14,MX,2023-12-04 13:50:00 UTC
531,lospalos,-8.5186,127.0025,24.04000000000002,89,63,1.56,TL,2023-12-04 13:50:01 UTC
532,lazaro cardenas,17.9583,-102.2,24.49000000000001,83,100,1.97,MX,2023-12-04 13:49:38 UTC
533,kiunga,-6.1219,141.2906,23.57000000000005,98,89,1.12,PG,2023-12-04 13:50:01 UTC
534,adrar,20.5022,-10.0711,29.360000000000014,16,0,4.07,MR,2023-12-04 13:50:01 UTC
535,fiche,9.8,38.7333,19.670000000000016,29,72,1.93,ET,2023-12-04 13:50:01 UTC
536,castillos,-34.1667,-53.8333,18.30000000000001,45,0,5.08,UY,2023-12-04 13:50:01 UTC
537,ust'-ilimsk,58.0006,102.6619,-3.089999999999975,94,100,5.81,RU,2023-12-04 13:47:52 UTC
538,buta,2.7858,24.73,26.260000000000048,69,85,1.35,CD,2023-12-04 13:50:01 UTC
539,pandan,14.0453,124.1694,26.810000000000002,88,88,4.16,PH,2023-12-04 13:50:01 UTC
540,acajutla,13.5928,-89.8275,27.890000000000043,65,0,1.79,SV,2023-12-04 13:46:25 UTC
541,karabar,-35.3753,149.2308,16.57000000000005,84,62,0.0,AU,2023-12-04 13:50:01 UTC
542,masterton,-40.9597,175.6575,12.710000000000036,98,100,1.04,NZ,2023-12-04 13:50:01 UTC
543,akureyri,65.6835,-18.0878,-8.039999999999964,86,75,1.03,IS,2023-12-04 13:50:02 UTC
544,jawhar,2.7809,45.5005,31.120000000000005,33,20,5.26,SO,2023-12-04 13:50:02 UTC
545,manuguru,17.981,80.7547,22.410000000000025,84,100,0.97,IN,2023-12-04 13:50:02 UTC
546,puerto san jose,13.9256,-90.8244,26.120000000000005,73,3,1.45,GT,2023-12-04 13:50:03 UTC
547,susuman,62.7833,148.1667,-35.93999999999997,100,100,1.0,RU,2023-12-04 13:50:03 UTC
548,vanino,49.0869,140.2543,-6.149999999999977,86,100,1.64,RU,2023-12-04 13:50:04 UTC
549,puerto baquerizo moreno,-0.9,-89.6,23.55000000000001,83,98,5.65,EC,2023-12-04 13:50:04 UTC
550,kokpekty,48.75,82.4,-10.199999999999989,91,23,1.66,KZ,2023-12-04 13:50:04 UTC
551,ghat,24.9647,10.1728,22.08000000000004,15,0,3.15,LY,2023-12-04 13:50:05 UTC
552,ilam,26.9167,87.9167,13.860000000000014,73,70,2.57,NP,2023-12-04 13:50:05 UTC
553,cerro largo,-28.1486,-54.7381,20.379999999999995,91,100,4.86,BR,2023-12-04 13:50:05 UTC
554,geraldton,-28.7667,114.6,22.230000000000018,78,40,9.26,AU,2023-12-04 13:50:05 UTC
555,quellon,-43.1167,-73.6167,11.840000000000032,74,25,4.87,CL,2023-12-04 13:50:05 UTC
556,banda aceh,5.5577,95.3222,26.710000000000036,86,85,2.57,ID,2023-12-04 13:50:06 UTC
557,huarmey,-10.0681,-78.1522,21.390000000000043,79,36,3.53,PE,2023-12-04 13:50:06 UTC
558,ingersoll,43.0334,-80.883,2.650000000000034,95,100,4.79,CA,2023-12-04 13:50:06 UTC
559,usogorsk,63.4106,48.6872,-16.909999999999968,100,99,1.35,RU,2023-12-04 13:50:06 UTC
560,balfour,-26.6633,28.5902,32.02000000000004,15,91,3.15,ZA,2023-12-04 13:50:07 UTC
561,bereket,39.2446,55.5154,17.07000000000005,28,0,2.88,TM,2023-12-04 13:50:07 UTC
562,horta,38.5333,-28.6333,16.80000000000001,64,75,5.36,PT,2023-12-04 13:50:07 UTC
563,levuka,50.1834,-105.4011,-2.1499999999999773,100,100,1.03,CA,2023-12-04 13:50:07 UTC
564,menzelinsk,55.7271,53.1026,-3.259999999999991,92,100,7.7,RU,2023-12-04 13:50:07 UTC
565,andratx,39.5755,2.4202,16.360000000000014,49,100,10.23,ES,2023-12-04 13:50:07 UTC
566,dnestrovsc,46.6222,29.9133,1.670000000000016,61,31,2.25,MD,2023-12-04 13:50:08 UTC
567,ambon,-3.6954,128.1814,26.08000000000004,94,40,2.57,ID,2023-12-04 13:50:08 UTC
568,rikaze,29.25,88.8833,2.7000000000000455,18,100,2.07,CN,2023-12-04 13:50:08 UTC
569,vitoria da conquista,-14.8661,-40.8394,30.010000000000048,34,72,1.05,BR,2023-12-04 13:50:08 UTC
570,lagoa,39.05,-27.9833,15.150000000000034,58,100,4.55,PT,2023-12-04 13:50:08 UTC
571,harper,4.375,-7.7169,29.08000000000004,72,23,3.0,LR,2023-12-04 13:50:08 UTC
572,aleksandrovsk-sakhalinskiy,50.8975,142.1561,-5.7999999999999545,96,99,2.12,RU,2023-12-04 13:50:08 UTC
573,cruz del eje,-30.7264,-64.8039,13.510000000000048,60,100,2.5,AR,2023-12-04 13:50:09 UTC
574,north side,19.35,-81.2,29.04000000000002,70,20,4.63,KY,2023-12-04 13:50:09 UTC
575,mount pearl,47.5166,-52.7813,0.5300000000000296,88,100,4.63,CA,2023-12-04 13:48:18 UTC
